 "subject" , "predicate" , "object" ,
 "http://data.openbudgets.eu/ontology/dsd/attribute/currency" , "http://purl.org/linked-data/cube#concept" , "http://purl.org/linked-data/sdmx/2009/concept#currency" ,
 "http://data.openbudgets.eu/ontology/dsd/attribute/currency" , "http://www.w3.org/1999/02/22-rdf-syntax-ns#type" , "http://purl.org/linked-data/cube#AttributeProperty" ,
 "http://data.openbudgets.eu/ontology/dsd/attribute/currency" , "http://www.w3.org/1999/02/22-rdf-syntax-ns#type" , "http://purl.org/linked-data/cube#CodedProperty" ,
 "http://data.openbudgets.eu/ontology/dsd/attribute/currency" , "http://www.w3.org/1999/02/22-rdf-syntax-ns#type" , "http://www.w3.org/1999/02/22-rdf-syntax-ns#Property" ,
 "http://data.openbudgets.eu/ontology/dsd/attribute/currency" , "http://www.w3.org/2000/01/rdf-schema#comment" , "The currency of the financial amount." ,
 "http://data.openbudgets.eu/ontology/dsd/attribute/currency" , "http://www.w3.org/2000/01/rdf-schema#isDefinedBy" , "http://data.openbudgets.eu/ontology" ,
 "http://data.openbudgets.eu/ontology/dsd/attribute/currency" , "http://www.w3.org/2000/01/rdf-schema#label" , "currency" ,
 "http://data.openbudgets.eu/ontology/dsd/attribute/currency" , "http://www.w3.org/2000/01/rdf-schema#range" , "http://data.openbudgets.eu/ontology/Currency" ,
 "http://data.openbudgets.eu/ontology/dsd/attribute/currency" , "http://www.w3.org/2000/01/rdf-schema#subPropertyOf" , "http://purl.org/linked-data/sdmx/2009/attribute#currency" ,
 "http://data.openbudgets.eu/ontology/dsd/attribute/taxesIncluded" , "http://www.w3.org/1999/02/22-rdf-syntax-ns#type" , "http://purl.org/linked-data/cube#AttributeProperty" ,
 "http://data.openbudgets.eu/ontology/dsd/attribute/taxesIncluded" , "http://www.w3.org/1999/02/22-rdf-syntax-ns#type" , "http://purl.org/linked-data/cube#CodedProperty" ,
 "http://data.openbudgets.eu/ontology/dsd/attribute/taxesIncluded" , "http://www.w3.org/1999/02/22-rdf-syntax-ns#type" , "http://www.w3.org/1999/02/22-rdf-syntax-ns#Property" ,
 "http://data.openbudgets.eu/ontology/dsd/attribute/taxesIncluded" , "http://www.w3.org/2000/01/rdf-schema#comment" , "Indicates whether the reported amount includes taxes." ,
 "http://data.openbudgets.eu/ontology/dsd/attribute/taxesIncluded" , "http://www.w3.org/2000/01/rdf-schema#isDefinedBy" , "http://data.openbudgets.eu/ontology" ,
 "http://data.openbudgets.eu/ontology/dsd/attribute/taxesIncluded" , "http://www.w3.org/2000/01/rdf-schema#label" , "taxes included" ,
 "http://data.openbudgets.eu/ontology/dsd/attribute/taxesIncluded" , "http://www.w3.org/2000/01/rdf-schema#range" , "http://www.w3.org/2001/XMLSchema#boolean" ,
 "http://data.openbudgets.eu/ontology/dsd/dimension/administrativeClassification" , "http://purl.org/linked-data/cube#concept" , "http://data.openbudgets.eu/ontology/AdministrativeClassification" ,
 "http://data.openbudgets.eu/ontology/dsd/dimension/administrativeClassification" , "http://www.w3.org/1999/02/22-rdf-syntax-ns#type" , "http://purl.org/linked-data/cube#CodedProperty" ,
 "http://data.openbudgets.eu/ontology/dsd/dimension/administrativeClassification" , "http://www.w3.org/1999/02/22-rdf-syntax-ns#type" , "http://www.w3.org/1999/02/22-rdf-syntax-ns#Property" ,
 "http://data.openbudgets.eu/ontology/dsd/dimension/administrativeClassification" , "http://www.w3.org/1999/02/22-rdf-syntax-ns#type" , "http://purl.org/linked-data/cube#DimensionProperty" ,
 "http://data.openbudgets.eu/ontology/dsd/dimension/administrativeClassification" , "http://www.w3.org/2000/01/rdf-schema#comment" , "Identifies the entity responsible for managing the public funds concerned." ,
 "http://data.openbudgets.eu/ontology/dsd/dimension/administrativeClassification" , "http://www.w3.org/2000/01/rdf-schema#isDefinedBy" , "http://data.openbudgets.eu/ontology" ,
 "http://data.openbudgets.eu/ontology/dsd/dimension/administrativeClassification" , "http://www.w3.org/2000/01/rdf-schema#label" , "administrative classification" ,
 "http://data.openbudgets.eu/ontology/dsd/dimension/administrativeClassification" , "http://www.w3.org/2000/01/rdf-schema#range" , "http://www.w3.org/2004/02/skos/core#Concept" ,
 "http://data.openbudgets.eu/ontology/dsd/dimension/administrativeClassification" , "http://www.w3.org/2000/01/rdf-schema#subPropertyOf" , "http://data.openbudgets.eu/ontology/dsd/dimension/classification" ,
 "http://data.openbudgets.eu/ontology/dsd/dimension/classification" , "http://www.w3.org/1999/02/22-rdf-syntax-ns#type" , "http://purl.org/linked-data/cube#CodedProperty" ,
 "http://data.openbudgets.eu/ontology/dsd/dimension/classification" , "http://www.w3.org/1999/02/22-rdf-syntax-ns#type" , "http://www.w3.org/1999/02/22-rdf-syntax-ns#Property" ,
 "http://data.openbudgets.eu/ontology/dsd/dimension/classification" , "http://www.w3.org/1999/02/22-rdf-syntax-ns#type" , "http://purl.org/linked-data/cube#DimensionProperty" ,
 "http://data.openbudgets.eu/ontology/dsd/dimension/classification" , "http://www.w3.org/2000/01/rdf-schema#comment" , "Category to which observation belongs." ,
 "http://data.openbudgets.eu/ontology/dsd/dimension/classification" , "http://www.w3.org/2000/01/rdf-schema#isDefinedBy" , "http://data.openbudgets.eu/ontology" ,
 "http://data.openbudgets.eu/ontology/dsd/dimension/classification" , "http://www.w3.org/2000/01/rdf-schema#label" , "classification" ,
 "http://data.openbudgets.eu/ontology/dsd/dimension/classification" , "http://www.w3.org/2000/01/rdf-schema#range" , "http://www.w3.org/2004/02/skos/core#Concept" ,
 "http://data.openbudgets.eu/ontology/dsd/dimension/classification" , "http://www.w3.org/2000/01/rdf-schema#subPropertyOf" , "http://purl.org/dc/terms/subject" ,
 "http://data.openbudgets.eu/ontology/dsd/dimension/budgetPhase" , "http://www.w3.org/1999/02/22-rdf-syntax-ns#type" , "http://purl.org/linked-data/cube#CodedProperty" ,
 "http://data.openbudgets.eu/ontology/dsd/dimension/budgetPhase" , "http://www.w3.org/1999/02/22-rdf-syntax-ns#type" , "http://www.w3.org/1999/02/22-rdf-syntax-ns#Property" ,
 "http://data.openbudgets.eu/ontology/dsd/dimension/budgetPhase" , "http://www.w3.org/1999/02/22-rdf-syntax-ns#type" , "http://purl.org/linked-data/cube#DimensionProperty" ,
 "http://data.openbudgets.eu/ontology/dsd/dimension/budgetPhase" , "http://www.w3.org/2000/01/rdf-schema#comment" , "Major event or stage in the budget cycle." ,
 "http://data.openbudgets.eu/ontology/dsd/dimension/budgetPhase" , "http://www.w3.org/2000/01/rdf-schema#isDefinedBy" , "http://data.openbudgets.eu/ontology" ,
 "http://data.openbudgets.eu/ontology/dsd/dimension/budgetPhase" , "http://www.w3.org/2000/01/rdf-schema#label" , "budget phase" ,
 "http://data.openbudgets.eu/ontology/dsd/dimension/budgetPhase" , "http://www.w3.org/2000/01/rdf-schema#range" , "http://data.openbudgets.eu/ontology/BudgetPhase" ,
 "http://data.openbudgets.eu/ontology/dsd/dimension/budgetPhase" , "http://purl.org/linked-data/cube#codeList" , "http://data.openbudgets.eu/resource/codelist/budget-phase" ,
 "http://data.openbudgets.eu/ontology/BudgetPhase" , "http://www.w3.org/1999/02/22-rdf-syntax-ns#type" , "http://www.w3.org/2000/01/rdf-schema#Class" ,
 "http://data.openbudgets.eu/ontology/BudgetPhase" , "http://www.w3.org/2000/01/rdf-schema#isDefinedBy" , "http://data.openbudgets.eu/ontology" ,
 "http://data.openbudgets.eu/ontology/BudgetPhase" , "http://www.w3.org/2000/01/rdf-schema#label" , "Budget phase" ,
 "http://data.openbudgets.eu/resource/codelist/budget-phase" , "http://www.w3.org/1999/02/22-rdf-syntax-ns#type" , "http://www.w3.org/2004/02/skos/core#ConceptScheme" ,
 "http://data.openbudgets.eu/resource/codelist/budget-phase" , "http://www.w3.org/2000/01/rdf-schema#label" , "Code list that distinguishes among phases of the budget." ,
 "http://data.openbudgets.eu/resource/codelist/budget-phase" , "http://www.w3.org/2004/02/skos/core#hasTopConcept" , "http://data.openbudgets.eu/resource/codelist/budget-phase/approved" ,
 "http://data.openbudgets.eu/resource/codelist/budget-phase" , "http://www.w3.org/2004/02/skos/core#hasTopConcept" , "http://data.openbudgets.eu/resource/codelist/budget-phase/draft" ,
 "http://data.openbudgets.eu/resource/codelist/budget-phase" , "http://www.w3.org/2004/02/skos/core#hasTopConcept" , "http://data.openbudgets.eu/resource/codelist/budget-phase/executed" ,
 "http://data.openbudgets.eu/resource/codelist/budget-phase" , "http://www.w3.org/2004/02/skos/core#hasTopConcept" , "http://data.openbudgets.eu/resource/codelist/budget-phase/revised" ,
 "http://data.openbudgets.eu/resource/codelist/budget-phase/approved" , "http://www.w3.org/1999/02/22-rdf-syntax-ns#type" , "http://www.w3.org/2004/02/skos/core#Concept" ,
 "http://data.openbudgets.eu/resource/codelist/budget-phase/approved" , "http://www.w3.org/1999/02/22-rdf-syntax-ns#type" , "http://data.openbudgets.eu/ontology/BudgetPhase" ,
 "http://data.openbudgets.eu/resource/codelist/budget-phase/approved" , "http://www.w3.org/2004/02/skos/core#inScheme" , "http://data.openbudgets.eu/resource/codelist/budget-phase" ,
 "http://data.openbudgets.eu/resource/codelist/budget-phase/approved" , "http://www.w3.org/2004/02/skos/core#prefLabel" , "Approved" ,
 "http://data.openbudgets.eu/resource/codelist/budget-phase/approved" , "http://www.w3.org/2004/02/skos/core#topConceptOf" , "http://data.openbudgets.eu/resource/codelist/budget-phase" ,
 "http://data.openbudgets.eu/resource/codelist/budget-phase/draft" , "http://www.w3.org/1999/02/22-rdf-syntax-ns#type" , "http://www.w3.org/2004/02/skos/core#Concept" ,
 "http://data.openbudgets.eu/resource/codelist/budget-phase/draft" , "http://www.w3.org/1999/02/22-rdf-syntax-ns#type" , "http://data.openbudgets.eu/ontology/BudgetPhase" ,
 "http://data.openbudgets.eu/resource/codelist/budget-phase/draft" , "http://www.w3.org/2004/02/skos/core#inScheme" , "http://data.openbudgets.eu/resource/codelist/budget-phase" ,
 "http://data.openbudgets.eu/resource/codelist/budget-phase/draft" , "http://www.w3.org/2004/02/skos/core#prefLabel" , "Draft" ,
 "http://data.openbudgets.eu/resource/codelist/budget-phase/draft" , "http://www.w3.org/2004/02/skos/core#topConceptOf" , "http://data.openbudgets.eu/resource/codelist/budget-phase" ,
 "http://data.openbudgets.eu/resource/codelist/budget-phase/executed" , "http://www.w3.org/1999/02/22-rdf-syntax-ns#type" , "http://www.w3.org/2004/02/skos/core#Concept" ,
 "http://data.openbudgets.eu/resource/codelist/budget-phase/executed" , "http://www.w3.org/1999/02/22-rdf-syntax-ns#type" , "http://data.openbudgets.eu/ontology/BudgetPhase" ,
 "http://data.openbudgets.eu/resource/codelist/budget-phase/executed" , "http://www.w3.org/2004/02/skos/core#inScheme" , "http://data.openbudgets.eu/resource/codelist/budget-phase" ,
 "http://data.openbudgets.eu/resource/codelist/budget-phase/executed" , "http://www.w3.org/2004/02/skos/core#prefLabel" , "Executed" ,
 "http://data.openbudgets.eu/resource/codelist/budget-phase/executed" , "http://www.w3.org/2004/02/skos/core#topConceptOf" , "http://data.openbudgets.eu/resource/codelist/budget-phase" ,
 "http://data.openbudgets.eu/resource/codelist/budget-phase/revised" , "http://www.w3.org/1999/02/22-rdf-syntax-ns#type" , "http://www.w3.org/2004/02/skos/core#Concept" ,
 "http://data.openbudgets.eu/resource/codelist/budget-phase/revised" , "http://www.w3.org/1999/02/22-rdf-syntax-ns#type" , "http://data.openbudgets.eu/ontology/BudgetPhase" ,
 "http://data.openbudgets.eu/resource/codelist/budget-phase/revised" , "http://www.w3.org/2004/02/skos/core#inScheme" , "http://data.openbudgets.eu/resource/codelist/budget-phase" ,
 "http://data.openbudgets.eu/resource/codelist/budget-phase/revised" , "http://www.w3.org/2004/02/skos/core#prefLabel" , "Revised" ,
 "http://data.openbudgets.eu/resource/codelist/budget-phase/revised" , "http://www.w3.org/2004/02/skos/core#topConceptOf" , "http://data.openbudgets.eu/resource/codelist/budget-phase" ,
 "http://data.openbudgets.eu/ontology/dsd/dimension/budgetaryUnit" , "http://purl.org/linked-data/cube#concept" , "http://purl.org/linked-data/sdmx/2009/concept#statUnit" ,
 "http://data.openbudgets.eu/ontology/dsd/dimension/budgetaryUnit" , "http://www.w3.org/1999/02/22-rdf-syntax-ns#type" , "http://purl.org/linked-data/cube#CodedProperty" ,
 "http://data.openbudgets.eu/ontology/dsd/dimension/budgetaryUnit" , "http://www.w3.org/1999/02/22-rdf-syntax-ns#type" , "http://www.w3.org/1999/02/22-rdf-syntax-ns#Property" ,
 "http://data.openbudgets.eu/ontology/dsd/dimension/budgetaryUnit" , "http://www.w3.org/1999/02/22-rdf-syntax-ns#type" , "http://purl.org/linked-data/cube#DimensionProperty" ,
 "http://data.openbudgets.eu/ontology/dsd/dimension/budgetaryUnit" , "http://www.w3.org/2000/01/rdf-schema#comment" , "Deprecated. Use obeu-dimension:organization." ,
 "http://data.openbudgets.eu/ontology/dsd/dimension/budgetaryUnit" , "http://www.w3.org/2000/01/rdf-schema#isDefinedBy" , "http://data.openbudgets.eu/ontology" ,
 "http://data.openbudgets.eu/ontology/dsd/dimension/budgetaryUnit" , "http://www.w3.org/2000/01/rdf-schema#label" , "budgetary unit" ,
 "http://data.openbudgets.eu/ontology/dsd/dimension/budgetaryUnit" , "http://www.w3.org/2000/01/rdf-schema#range" , "http://www.w3.org/ns/org#Organization" ,
 "http://data.openbudgets.eu/ontology/dsd/dimension/budgetaryUnit" , "http://www.w3.org/2000/01/rdf-schema#seeAlso" , "http://data.openbudgets.eu/ontology/dsd/dimension/organization" ,
 "http://data.openbudgets.eu/ontology/dsd/dimension/budgetaryUnit" , "http://www.w3.org/2002/07/owl#deprecated" , "true" ,
 "http://data.openbudgets.eu/ontology/dsd/dimension/economicClassification" , "http://purl.org/linked-data/cube#concept" , "http://data.openbudgets.eu/ontology/EconomicClassification" ,
 "http://data.openbudgets.eu/ontology/dsd/dimension/economicClassification" , "http://www.w3.org/1999/02/22-rdf-syntax-ns#type" , "http://purl.org/linked-data/cube#CodedProperty" ,
 "http://data.openbudgets.eu/ontology/dsd/dimension/economicClassification" , "http://www.w3.org/1999/02/22-rdf-syntax-ns#type" , "http://www.w3.org/1999/02/22-rdf-syntax-ns#Property" ,
 "http://data.openbudgets.eu/ontology/dsd/dimension/economicClassification" , "http://www.w3.org/1999/02/22-rdf-syntax-ns#type" , "http://purl.org/linked-data/cube#DimensionProperty" ,
 "http://data.openbudgets.eu/ontology/dsd/dimension/economicClassification" , "http://www.w3.org/2000/01/rdf-schema#comment" , "Identifies the type of expenditure incurred or source of revenues." ,
 "http://data.openbudgets.eu/ontology/dsd/dimension/economicClassification" , "http://www.w3.org/2000/01/rdf-schema#isDefinedBy" , "http://data.openbudgets.eu/ontology" ,
 "http://data.openbudgets.eu/ontology/dsd/dimension/economicClassification" , "http://www.w3.org/2000/01/rdf-schema#label" , "economic classification" ,
 "http://data.openbudgets.eu/ontology/dsd/dimension/economicClassification" , "http://www.w3.org/2000/01/rdf-schema#range" , "http://www.w3.org/2004/02/skos/core#Concept" ,
 "http://data.openbudgets.eu/ontology/dsd/dimension/economicClassification" , "http://www.w3.org/2000/01/rdf-schema#subPropertyOf" , "http://data.openbudgets.eu/ontology/dsd/dimension/classification" ,
 "http://data.openbudgets.eu/ontology/dsd/dimension/fiscalPeriod" , "http://purl.org/linked-data/cube#concept" , "http://purl.org/linked-data/sdmx/2009/concept#refPeriod" ,
 "http://data.openbudgets.eu/ontology/dsd/dimension/fiscalPeriod" , "http://www.w3.org/1999/02/22-rdf-syntax-ns#type" , "http://purl.org/linked-data/cube#CodedProperty" ,
 "http://data.openbudgets.eu/ontology/dsd/dimension/fiscalPeriod" , "http://www.w3.org/1999/02/22-rdf-syntax-ns#type" , "http://www.w3.org/1999/02/22-rdf-syntax-ns#Property" ,
 "http://data.openbudgets.eu/ontology/dsd/dimension/fiscalPeriod" , "http://www.w3.org/1999/02/22-rdf-syntax-ns#type" , "http://purl.org/linked-data/cube#DimensionProperty" ,
 "http://data.openbudgets.eu/ontology/dsd/dimension/fiscalPeriod" , "http://www.w3.org/2000/01/rdf-schema#comment" , "The period of time reflected in financial statements." ,
 "http://data.openbudgets.eu/ontology/dsd/dimension/fiscalPeriod" , "http://www.w3.org/2000/01/rdf-schema#isDefinedBy" , "http://data.openbudgets.eu/ontology" ,
 "http://data.openbudgets.eu/ontology/dsd/dimension/fiscalPeriod" , "http://www.w3.org/2000/01/rdf-schema#label" , "fiscal period" ,
 "http://data.openbudgets.eu/ontology/dsd/dimension/fiscalPeriod" , "http://www.w3.org/2000/01/rdf-schema#range" , "http://www.w3.org/2006/time#Interval" ,
 "http://data.openbudgets.eu/ontology/dsd/dimension/fiscalPeriod" , "http://www.w3.org/2000/01/rdf-schema#subPropertyOf" , "http://purl.org/linked-data/sdmx/2009/dimension#refPeriod" ,
 "http://data.openbudgets.eu/ontology/dsd/dimension/fiscalYear" , "http://purl.org/linked-data/cube#concept" , "http://purl.org/linked-data/sdmx/2009/concept#refPeriod" ,
 "http://data.openbudgets.eu/ontology/dsd/dimension/fiscalYear" , "http://www.w3.org/1999/02/22-rdf-syntax-ns#type" , "http://purl.org/linked-data/cube#CodedProperty" ,
 "http://data.openbudgets.eu/ontology/dsd/dimension/fiscalYear" , "http://www.w3.org/1999/02/22-rdf-syntax-ns#type" , "http://www.w3.org/1999/02/22-rdf-syntax-ns#Property" ,
 "http://data.openbudgets.eu/ontology/dsd/dimension/fiscalYear" , "http://www.w3.org/1999/02/22-rdf-syntax-ns#type" , "http://purl.org/linked-data/cube#DimensionProperty" ,
 "http://data.openbudgets.eu/ontology/dsd/dimension/fiscalYear" , "http://www.w3.org/2000/01/rdf-schema#comment" , "The year reflected in financial statements." ,
 "http://data.openbudgets.eu/ontology/dsd/dimension/fiscalYear" , "http://www.w3.org/2000/01/rdf-schema#isDefinedBy" , "http://data.openbudgets.eu/ontology" ,
 "http://data.openbudgets.eu/ontology/dsd/dimension/fiscalYear" , "http://www.w3.org/2000/01/rdf-schema#label" , "fiscal year" ,
 "http://data.openbudgets.eu/ontology/dsd/dimension/fiscalYear" , "http://www.w3.org/2000/01/rdf-schema#range" , "http://reference.data.gov.uk/def/intervals/Year" ,
 "http://data.openbudgets.eu/ontology/dsd/dimension/fiscalYear" , "http://www.w3.org/2000/01/rdf-schema#subPropertyOf" , "http://data.openbudgets.eu/ontology/dsd/dimension/fiscalPeriod" ,
 "http://data.openbudgets.eu/ontology/dsd/dimension/functionalClassification" , "http://purl.org/linked-data/cube#concept" , "http://data.openbudgets.eu/ontology/FunctionalClassification" ,
 "http://data.openbudgets.eu/ontology/dsd/dimension/functionalClassification" , "http://www.w3.org/1999/02/22-rdf-syntax-ns#type" , "http://purl.org/linked-data/cube#CodedProperty" ,
 "http://data.openbudgets.eu/ontology/dsd/dimension/functionalClassification" , "http://www.w3.org/1999/02/22-rdf-syntax-ns#type" , "http://www.w3.org/1999/02/22-rdf-syntax-ns#Property" ,
 "http://data.openbudgets.eu/ontology/dsd/dimension/functionalClassification" , "http://www.w3.org/1999/02/22-rdf-syntax-ns#type" , "http://purl.org/linked-data/cube#DimensionProperty" ,
 "http://data.openbudgets.eu/ontology/dsd/dimension/functionalClassification" , "http://www.w3.org/2000/01/rdf-schema#comment" , "Classifies expenditures by general government sector and by the purpose of the expenditure." ,
 "http://data.openbudgets.eu/ontology/dsd/dimension/functionalClassification" , "http://www.w3.org/2000/01/rdf-schema#isDefinedBy" , "http://data.openbudgets.eu/ontology" ,
 "http://data.openbudgets.eu/ontology/dsd/dimension/functionalClassification" , "http://www.w3.org/2000/01/rdf-schema#label" , "functional classification" ,
 "http://data.openbudgets.eu/ontology/dsd/dimension/functionalClassification" , "http://www.w3.org/2000/01/rdf-schema#range" , "http://www.w3.org/2004/02/skos/core#Concept" ,
 "http://data.openbudgets.eu/ontology/dsd/dimension/functionalClassification" , "http://www.w3.org/2000/01/rdf-schema#subPropertyOf" , "http://data.openbudgets.eu/ontology/dsd/dimension/classification" ,
 "http://data.openbudgets.eu/ontology/dsd/dimension/operationCharacter" , "http://www.w3.org/1999/02/22-rdf-syntax-ns#type" , "http://purl.org/linked-data/cube#CodedProperty" ,
 "http://data.openbudgets.eu/ontology/dsd/dimension/operationCharacter" , "http://www.w3.org/1999/02/22-rdf-syntax-ns#type" , "http://www.w3.org/1999/02/22-rdf-syntax-ns#Property" ,
 "http://data.openbudgets.eu/ontology/dsd/dimension/operationCharacter" , "http://www.w3.org/1999/02/22-rdf-syntax-ns#type" , "http://purl.org/linked-data/cube#DimensionProperty" ,
 "http://data.openbudgets.eu/ontology/dsd/dimension/operationCharacter" , "http://www.w3.org/2000/01/rdf-schema#comment" , "Distinguishes among expenditure and revenue." ,
 "http://data.openbudgets.eu/ontology/dsd/dimension/operationCharacter" , "http://www.w3.org/2000/01/rdf-schema#isDefinedBy" , "http://data.openbudgets.eu/ontology" ,
 "http://data.openbudgets.eu/ontology/dsd/dimension/operationCharacter" , "http://www.w3.org/2000/01/rdf-schema#label" , "operation character" ,
 "http://data.openbudgets.eu/ontology/dsd/dimension/operationCharacter" , "http://www.w3.org/2000/01/rdf-schema#range" , "http://data.openbudgets.eu/ontology/OperationCharacter" ,
 "http://data.openbudgets.eu/ontology/dsd/dimension/operationCharacter" , "http://purl.org/linked-data/cube#codeList" , "http://data.openbudgets.eu/resource/codelist/operation-character" ,
 "http://data.openbudgets.eu/ontology/OperationCharacter" , "http://www.w3.org/1999/02/22-rdf-syntax-ns#type" , "http://www.w3.org/2000/01/rdf-schema#Class" ,
 "http://data.openbudgets.eu/ontology/OperationCharacter" , "http://www.w3.org/2000/01/rdf-schema#isDefinedBy" , "http://data.openbudgets.eu/ontology" ,
 "http://data.openbudgets.eu/ontology/OperationCharacter" , "http://www.w3.org/2000/01/rdf-schema#label" , "Operation character" ,
 "http://data.openbudgets.eu/ontology/OperationCharacter" , "http://www.w3.org/2000/01/rdf-schema#subClassOf" , "http://www.w3.org/2004/02/skos/core#Concept" ,
 "http://data.openbudgets.eu/resource/codelist/operation-character" , "http://www.w3.org/1999/02/22-rdf-syntax-ns#type" , "http://www.w3.org/2004/02/skos/core#ConceptScheme" ,
 "http://data.openbudgets.eu/resource/codelist/operation-character" , "http://www.w3.org/2000/01/rdf-schema#label" , "Code list that distinguishes among characters of fiscal operation." ,
 "http://data.openbudgets.eu/resource/codelist/operation-character" , "http://www.w3.org/2004/02/skos/core#hasTopConcept" , "http://data.openbudgets.eu/resource/codelist/operation-character/expenditure" ,
 "http://data.openbudgets.eu/resource/codelist/operation-character" , "http://www.w3.org/2004/02/skos/core#hasTopConcept" , "http://data.openbudgets.eu/resource/codelist/operation-character/revenue" ,
 "http://data.openbudgets.eu/resource/codelist/operation-character/expenditure" , "http://www.w3.org/1999/02/22-rdf-syntax-ns#type" , "http://www.w3.org/2004/02/skos/core#Concept" ,
 "http://data.openbudgets.eu/resource/codelist/operation-character/expenditure" , "http://www.w3.org/1999/02/22-rdf-syntax-ns#type" , "http://data.openbudgets.eu/ontology/OperationCharacter" ,
 "http://data.openbudgets.eu/resource/codelist/operation-character/expenditure" , "http://www.w3.org/2004/02/skos/core#inScheme" , "http://data.openbudgets.eu/resource/codelist/operation-character" ,
 "http://data.openbudgets.eu/resource/codelist/operation-character/expenditure" , "http://www.w3.org/2004/02/skos/core#prefLabel" , "Expenditure" ,
 "http://data.openbudgets.eu/resource/codelist/operation-character/expenditure" , "http://www.w3.org/2004/02/skos/core#topConceptOf" , "http://data.openbudgets.eu/resource/codelist/operation-character" ,
 "http://data.openbudgets.eu/resource/codelist/operation-character/expenditure" , "http://www.w3.org/2004/02/skos/core#definition" , "Decrease in net worth resulting from a transaction and the net investment in nonfinancial assets" ,
 "http://data.openbudgets.eu/resource/codelist/operation-character/revenue" , "http://www.w3.org/1999/02/22-rdf-syntax-ns#type" , "http://www.w3.org/2004/02/skos/core#Concept" ,
 "http://data.openbudgets.eu/resource/codelist/operation-character/revenue" , "http://www.w3.org/1999/02/22-rdf-syntax-ns#type" , "http://data.openbudgets.eu/ontology/OperationCharacter" ,
 "http://data.openbudgets.eu/resource/codelist/operation-character/revenue" , "http://www.w3.org/2004/02/skos/core#inScheme" , "http://data.openbudgets.eu/resource/codelist/operation-character" ,
 "http://data.openbudgets.eu/resource/codelist/operation-character/revenue" , "http://www.w3.org/2004/02/skos/core#prefLabel" , "Revenue" ,
 "http://data.openbudgets.eu/resource/codelist/operation-character/revenue" , "http://www.w3.org/2004/02/skos/core#topConceptOf" , "http://data.openbudgets.eu/resource/codelist/operation-character" ,
 "http://data.openbudgets.eu/resource/codelist/operation-character/revenue" , "http://www.w3.org/2004/02/skos/core#definition" , "An increase in net worth resulting from a transaction" ,
 "http://data.openbudgets.eu/ontology/dsd/dimension/programmeClassification" , "http://purl.org/linked-data/cube#concept" , "http://data.openbudgets.eu/ontology/ProgrammeClassification" ,
 "http://data.openbudgets.eu/ontology/dsd/dimension/programmeClassification" , "http://www.w3.org/1999/02/22-rdf-syntax-ns#type" , "http://purl.org/linked-data/cube#CodedProperty" ,
 "http://data.openbudgets.eu/ontology/dsd/dimension/programmeClassification" , "http://www.w3.org/1999/02/22-rdf-syntax-ns#type" , "http://www.w3.org/1999/02/22-rdf-syntax-ns#Property" ,
 "http://data.openbudgets.eu/ontology/dsd/dimension/programmeClassification" , "http://www.w3.org/1999/02/22-rdf-syntax-ns#type" , "http://purl.org/linked-data/cube#DimensionProperty" ,
 "http://data.openbudgets.eu/ontology/dsd/dimension/programmeClassification" , "http://www.w3.org/2000/01/rdf-schema#comment" , "Grouping of expenditure by common objective for budgeting purposes." ,
 "http://data.openbudgets.eu/ontology/dsd/dimension/programmeClassification" , "http://www.w3.org/2000/01/rdf-schema#isDefinedBy" , "http://data.openbudgets.eu/ontology" ,
 "http://data.openbudgets.eu/ontology/dsd/dimension/programmeClassification" , "http://www.w3.org/2000/01/rdf-schema#label" , "programme classification" ,
 "http://data.openbudgets.eu/ontology/dsd/dimension/programmeClassification" , "http://www.w3.org/2000/01/rdf-schema#range" , "http://www.w3.org/2004/02/skos/core#Concept" ,
 "http://data.openbudgets.eu/ontology/dsd/dimension/programmeClassification" , "http://www.w3.org/2000/01/rdf-schema#subPropertyOf" , "http://data.openbudgets.eu/ontology/dsd/dimension/classification" ,
 "http://data.openbudgets.eu/ontology/dsd/measure/amount" , "http://purl.org/linked-data/cube#concept" , "http://purl.org/linked-data/sdmx/2009/concept#obsValue" ,
 "http://data.openbudgets.eu/ontology/dsd/measure/amount" , "http://www.w3.org/1999/02/22-rdf-syntax-ns#type" , "http://www.w3.org/1999/02/22-rdf-syntax-ns#Property" ,
 "http://data.openbudgets.eu/ontology/dsd/measure/amount" , "http://www.w3.org/1999/02/22-rdf-syntax-ns#type" , "http://purl.org/linked-data/cube#MeasureProperty" ,
 "http://data.openbudgets.eu/ontology/dsd/measure/amount" , "http://www.w3.org/2000/01/rdf-schema#comment" , "Monetary amount." ,
 "http://data.openbudgets.eu/ontology/dsd/measure/amount" , "http://www.w3.org/2000/01/rdf-schema#isDefinedBy" , "http://data.openbudgets.eu/ontology" ,
 "http://data.openbudgets.eu/ontology/dsd/measure/amount" , "http://www.w3.org/2000/01/rdf-schema#label" , "amount" ,
 "http://data.openbudgets.eu/ontology/dsd/measure/amount" , "http://www.w3.org/2000/01/rdf-schema#range" , "http://www.w3.org/2001/XMLSchema#decimal" ,
 "http://data.openbudgets.eu/ontology/dsd/measure/amount" , "http://www.w3.org/2000/01/rdf-schema#subPropertyOf" , "http://purl.org/linked-data/sdmx/2009/measure#obsValue" ,
 "b0" , "http://www.w3.org/1999/02/22-rdf-syntax-ns#type" , "http://purl.org/linked-data/cube#Observation" ,
 "b0" , "http://data.openbudgets.eu/ontology/dsd/measure/amount" , "3618957.31" ,
 "b0" , "http://data.openbudgets.eu/ontology/dsd/measure/amount" , "3730936.91" ,
 "b0" , "http://data.openbudgets.eu/ontology/dsd/measure/amount" , "7349894.22" ,
 "b0" , "http://purl.org/linked-data/cube#dataSet" , "http://data.openbudgets.eu/datasets/esif2014-EU_Amount" ,
 "b0" , "http://purl.org/linked-data/cube#dataSet" , "http://data.openbudgets.eu/datasets/esif2014-National_Amount" ,
 "b0" , "http://purl.org/linked-data/cube#dataSet" , "http://data.openbudgets.eu/datasets/esif2014-Total_Amount" ,
 "b0" , "http://data.openbudgets.eu/ontology/dsd/esif2014/dimension/administrator" , "http://data.openbudgets.eu/datasets/esif2014-EU_Amount/administrator/AT-AT-AT" ,
 "b0" , "http://data.openbudgets.eu/ontology/dsd/esif2014/dimension/administrator" , "http://data.openbudgets.eu/datasets/esif2014-National_Amount/administrator/AT-AT-AT" ,
 "b0" , "http://data.openbudgets.eu/ontology/dsd/esif2014/dimension/administrator" , "http://data.openbudgets.eu/datasets/esif2014-Total_Amount/administrator/AT-AT-AT" ,
 "http://data.openbudgets.eu/ontology/dsd/esif2014/dimension/administrator" , "http://www.w3.org/1999/02/22-rdf-syntax-ns#type" , "http://www.w3.org/1999/02/22-rdf-syntax-ns#Property" ,
 "http://data.openbudgets.eu/ontology/dsd/esif2014/dimension/administrator" , "http://www.w3.org/1999/02/22-rdf-syntax-ns#type" , "http://purl.org/linked-data/cube#DimensionProperty" ,
 "http://data.openbudgets.eu/ontology/dsd/esif2014/dimension/administrator" , "http://www.w3.org/2000/01/rdf-schema#subPropertyOf" , "http://data.openbudgets.eu/ontology/dsd/dimension/organization" ,
 "http://data.openbudgets.eu/ontology/dsd/esif2014/dimension/administrator" , "http://data.openbudgets.eu/fdptordf#name" , "administrator" ,
 "http://data.openbudgets.eu/datasets/esif2014-EU_Amount/administrator/AT-AT-AT" , "http://data.openbudgets.eu/fdptordf#sourceRow" , "b0" ,
 "http://data.openbudgets.eu/datasets/esif2014-EU_Amount/administrator/AT-AT-AT" , "http://data.openbudgets.eu/fdptordf#sourceRow" , "b1" ,
 "http://data.openbudgets.eu/datasets/esif2014-EU_Amount/administrator/AT-AT-AT" , "http://data.openbudgets.eu/fdptordf#sourceRow" , "b2" ,
 "http://data.openbudgets.eu/datasets/esif2014-EU_Amount/administrator/AT-AT-AT" , "http://data.openbudgets.eu/fdptordf#sourceRow" , "b3" ,
 "http://data.openbudgets.eu/datasets/esif2014-EU_Amount/administrator/AT-AT-AT" , "http://data.openbudgets.eu/ontology/dsd/esif2014/partialproperty/MS" , "AT" ,
 "http://data.openbudgets.eu/datasets/esif2014-EU_Amount/administrator/AT-AT-AT" , "http://data.openbudgets.eu/ontology/dsd/esif2014/partialproperty/MS_Name" , "Austria" ,
 "http://data.openbudgets.eu/datasets/esif2014-National_Amount/administrator/AT-AT-AT" , "http://data.openbudgets.eu/fdptordf#sourceRow" , "b0" ,
 "http://data.openbudgets.eu/datasets/esif2014-National_Amount/administrator/AT-AT-AT" , "http://data.openbudgets.eu/fdptordf#sourceRow" , "b1" ,
 "http://data.openbudgets.eu/datasets/esif2014-National_Amount/administrator/AT-AT-AT" , "http://data.openbudgets.eu/fdptordf#sourceRow" , "b2" ,
 "http://data.openbudgets.eu/datasets/esif2014-National_Amount/administrator/AT-AT-AT" , "http://data.openbudgets.eu/fdptordf#sourceRow" , "b3" ,
 "http://data.openbudgets.eu/datasets/esif2014-National_Amount/administrator/AT-AT-AT" , "http://data.openbudgets.eu/ontology/dsd/esif2014/partialproperty/MS" , "AT" ,
 "http://data.openbudgets.eu/datasets/esif2014-National_Amount/administrator/AT-AT-AT" , "http://data.openbudgets.eu/ontology/dsd/esif2014/partialproperty/MS_Name" , "Austria" ,
 "http://data.openbudgets.eu/datasets/esif2014-Total_Amount/administrator/AT-AT-AT" , "http://data.openbudgets.eu/fdptordf#sourceRow" , "b0" ,
 "http://data.openbudgets.eu/datasets/esif2014-Total_Amount/administrator/AT-AT-AT" , "http://data.openbudgets.eu/fdptordf#sourceRow" , "b1" ,
 "http://data.openbudgets.eu/datasets/esif2014-Total_Amount/administrator/AT-AT-AT" , "http://data.openbudgets.eu/fdptordf#sourceRow" , "b2" ,
 "http://data.openbudgets.eu/datasets/esif2014-Total_Amount/administrator/AT-AT-AT" , "http://data.openbudgets.eu/fdptordf#sourceRow" , "b3" ,
 "http://data.openbudgets.eu/datasets/esif2014-Total_Amount/administrator/AT-AT-AT" , "http://data.openbudgets.eu/ontology/dsd/esif2014/partialproperty/MS" , "AT" ,
 "http://data.openbudgets.eu/datasets/esif2014-Total_Amount/administrator/AT-AT-AT" , "http://data.openbudgets.eu/ontology/dsd/esif2014/partialproperty/MS_Name" , "Austria" ,
 "http://data.openbudgets.eu/datasets/esif2014-EU_Amount" , "http://purl.org/linked-data/cube#observation" , "b0" ,
 "http://data.openbudgets.eu/datasets/esif2014-EU_Amount" , "http://purl.org/linked-data/cube#observation" , "b1" ,
 "http://data.openbudgets.eu/datasets/esif2014-EU_Amount" , "http://purl.org/linked-data/cube#observation" , "b2" ,
 "http://data.openbudgets.eu/datasets/esif2014-EU_Amount" , "http://purl.org/linked-data/cube#observation" , "b3" ,
 "http://data.openbudgets.eu/datasets/esif2014-National_Amount" , "http://purl.org/linked-data/cube#observation" , "b0" ,
 "http://data.openbudgets.eu/datasets/esif2014-National_Amount" , "http://purl.org/linked-data/cube#observation" , "b1" ,
 "http://data.openbudgets.eu/datasets/esif2014-National_Amount" , "http://purl.org/linked-data/cube#observation" , "b2" ,
 "http://data.openbudgets.eu/datasets/esif2014-National_Amount" , "http://purl.org/linked-data/cube#observation" , "b3" ,
 "http://data.openbudgets.eu/datasets/esif2014-Total_Amount" , "http://purl.org/linked-data/cube#observation" , "b0" ,
 "http://data.openbudgets.eu/datasets/esif2014-Total_Amount" , "http://purl.org/linked-data/cube#observation" , "b1" ,
 "http://data.openbudgets.eu/datasets/esif2014-Total_Amount" , "http://purl.org/linked-data/cube#observation" , "b2" ,
 "http://data.openbudgets.eu/datasets/esif2014-Total_Amount" , "http://purl.org/linked-data/cube#observation" , "b3" ,
 "b1" , "http://www.w3.org/1999/02/22-rdf-syntax-ns#type" , "http://purl.org/linked-data/cube#Observation" ,
 "b1" , "http://data.openbudgets.eu/ontology/dsd/measure/amount" , "319794.6" ,
 "b1" , "http://data.openbudgets.eu/ontology/dsd/measure/amount" , "310196.35" ,
 "b1" , "http://data.openbudgets.eu/ontology/dsd/measure/amount" , "629990.95" ,
 "b1" , "http://purl.org/linked-data/cube#dataSet" , "http://data.openbudgets.eu/datasets/esif2014-EU_Amount" ,
 "b1" , "http://purl.org/linked-data/cube#dataSet" , "http://data.openbudgets.eu/datasets/esif2014-National_Amount" ,
 "b1" , "http://purl.org/linked-data/cube#dataSet" , "http://data.openbudgets.eu/datasets/esif2014-Total_Amount" ,
 "b1" , "http://data.openbudgets.eu/ontology/dsd/esif2014/dimension/administrator" , "http://data.openbudgets.eu/datasets/esif2014-EU_Amount/administrator/AT-AT-AT" ,
 "b1" , "http://data.openbudgets.eu/ontology/dsd/esif2014/dimension/administrator" , "http://data.openbudgets.eu/datasets/esif2014-National_Amount/administrator/AT-AT-AT" ,
 "b1" , "http://data.openbudgets.eu/ontology/dsd/esif2014/dimension/administrator" , "http://data.openbudgets.eu/datasets/esif2014-Total_Amount/administrator/AT-AT-AT" ,
 "b2" , "http://www.w3.org/1999/02/22-rdf-syntax-ns#type" , "http://purl.org/linked-data/cube#Observation" ,
 "b2" , "http://data.openbudgets.eu/ontology/dsd/measure/amount" , "3487602.12" ,
 "b2" , "http://data.openbudgets.eu/ontology/dsd/measure/amount" , "3512292.32" ,
 "b2" , "http://data.openbudgets.eu/ontology/dsd/measure/amount" , "6999894.44" ,
 "b2" , "http://purl.org/linked-data/cube#dataSet" , "http://data.openbudgets.eu/datasets/esif2014-EU_Amount" ,
 "b2" , "http://purl.org/linked-data/cube#dataSet" , "http://data.openbudgets.eu/datasets/esif2014-National_Amount" ,
 "b2" , "http://purl.org/linked-data/cube#dataSet" , "http://data.openbudgets.eu/datasets/esif2014-Total_Amount" ,
 "b2" , "http://data.openbudgets.eu/ontology/dsd/esif2014/dimension/administrator" , "http://data.openbudgets.eu/datasets/esif2014-EU_Amount/administrator/AT-AT-AT" ,
 "b2" , "http://data.openbudgets.eu/ontology/dsd/esif2014/dimension/administrator" , "http://data.openbudgets.eu/datasets/esif2014-National_Amount/administrator/AT-AT-AT" ,
 "b2" , "http://data.openbudgets.eu/ontology/dsd/esif2014/dimension/administrator" , "http://data.openbudgets.eu/datasets/esif2014-Total_Amount/administrator/AT-AT-AT" ,
 "b3" , "http://www.w3.org/1999/02/22-rdf-syntax-ns#type" , "http://purl.org/linked-data/cube#Observation" ,
 "b3" , "http://data.openbudgets.eu/ontology/dsd/measure/amount" , "149468.66" ,
 "b3" , "http://data.openbudgets.eu/ontology/dsd/measure/amount" , "150526.81" ,
 "b3" , "http://data.openbudgets.eu/ontology/dsd/measure/amount" , "299995.47" ,
 "b3" , "http://purl.org/linked-data/cube#dataSet" , "http://data.openbudgets.eu/datasets/esif2014-EU_Amount" ,
 "b3" , "http://purl.org/linked-data/cube#dataSet" , "http://data.openbudgets.eu/datasets/esif2014-National_Amount" ,
 "b3" , "http://purl.org/linked-data/cube#dataSet" , "http://data.openbudgets.eu/datasets/esif2014-Total_Amount" ,
 "b3" , "http://data.openbudgets.eu/ontology/dsd/esif2014/dimension/administrator" , "http://data.openbudgets.eu/datasets/esif2014-EU_Amount/administrator/AT-AT-AT" ,
 "b3" , "http://data.openbudgets.eu/ontology/dsd/esif2014/dimension/administrator" , "http://data.openbudgets.eu/datasets/esif2014-National_Amount/administrator/AT-AT-AT" ,
 "b3" , "http://data.openbudgets.eu/ontology/dsd/esif2014/dimension/administrator" , "http://data.openbudgets.eu/datasets/esif2014-Total_Amount/administrator/AT-AT-AT" ,
 "http://data.openbudgets.eu/dsd/esif2014-EU_Amount" , "http://purl.org/linked-data/cube#component" , "b4" ,
 "http://data.openbudgets.eu/dsd/esif2014-EU_Amount" , "http://purl.org/linked-data/cube#component" , "b5" ,
 "http://data.openbudgets.eu/dsd/esif2014-EU_Amount" , "http://purl.org/linked-data/cube#component" , "b6" ,
 "b4" , "http://purl.org/linked-data/cube#dimension" , "http://data.openbudgets.eu/ontology/dsd/esif2014/dimension/functional-classification" ,
 "b4" , "http://data.openbudgets.eu/fdptordf#valueType" , "http://data.openbudgets.eu/fdptordf#skos" ,
 "b5" , "http://purl.org/linked-data/cube#dimension" , "http://data.openbudgets.eu/ontology/dsd/esif2014/dimension/administrator" ,
 "b5" , "http://data.openbudgets.eu/fdptordf#valueType" , "http://data.openbudgets.eu/fdptordf#organization" ,
 "b6" , "http://purl.org/linked-data/cube#dimension" , "http://data.openbudgets.eu/ontology/dsd/esif2014/dimension/date" ,
 "b6" , "http://data.openbudgets.eu/fdptordf#valueType" , "http://data.openbudgets.eu/fdptordf#dateTime" ,
 "http://data.openbudgets.eu/dsd/esif2014-National_Amount" , "http://purl.org/linked-data/cube#component" , "b7" ,
 "http://data.openbudgets.eu/dsd/esif2014-National_Amount" , "http://purl.org/linked-data/cube#component" , "b8" ,
 "http://data.openbudgets.eu/dsd/esif2014-National_Amount" , "http://purl.org/linked-data/cube#component" , "b9" ,
 "b7" , "http://purl.org/linked-data/cube#dimension" , "http://data.openbudgets.eu/ontology/dsd/esif2014/dimension/functional-classification" ,
 "b7" , "http://data.openbudgets.eu/fdptordf#valueType" , "http://data.openbudgets.eu/fdptordf#skos" ,
 "b8" , "http://purl.org/linked-data/cube#dimension" , "http://data.openbudgets.eu/ontology/dsd/esif2014/dimension/administrator" ,
 "b8" , "http://data.openbudgets.eu/fdptordf#valueType" , "http://data.openbudgets.eu/fdptordf#organization" ,
 "b9" , "http://purl.org/linked-data/cube#dimension" , "http://data.openbudgets.eu/ontology/dsd/esif2014/dimension/date" ,
 "b9" , "http://data.openbudgets.eu/fdptordf#valueType" , "http://data.openbudgets.eu/fdptordf#dateTime" ,
 "http://data.openbudgets.eu/dsd/esif2014-Total_Amount" , "http://purl.org/linked-data/cube#component" , "b10" ,
 "http://data.openbudgets.eu/dsd/esif2014-Total_Amount" , "http://purl.org/linked-data/cube#component" , "b11" ,
 "http://data.openbudgets.eu/dsd/esif2014-Total_Amount" , "http://purl.org/linked-data/cube#component" , "b12" ,
 "b10" , "http://purl.org/linked-data/cube#dimension" , "http://data.openbudgets.eu/ontology/dsd/esif2014/dimension/functional-classification" ,
 "b10" , "http://data.openbudgets.eu/fdptordf#valueType" , "http://data.openbudgets.eu/fdptordf#skos" ,
 "b11" , "http://purl.org/linked-data/cube#dimension" , "http://data.openbudgets.eu/ontology/dsd/esif2014/dimension/administrator" ,
 "b11" , "http://data.openbudgets.eu/fdptordf#valueType" , "http://data.openbudgets.eu/fdptordf#organization" ,
 "b12" , "http://purl.org/linked-data/cube#dimension" , "http://data.openbudgets.eu/ontology/dsd/esif2014/dimension/date" ,
 "b12" , "http://data.openbudgets.eu/fdptordf#valueType" , "http://data.openbudgets.eu/fdptordf#dateTime" ,
 "http://data.openbudgets.eu/ontology/dsd/esif2014/dimension/functional-classification" , "http://www.w3.org/1999/02/22-rdf-syntax-ns#type" , "http://purl.org/linked-data/cube#CodedProperty" ,
 "http://data.openbudgets.eu/ontology/dsd/esif2014/dimension/functional-classification" , "http://www.w3.org/1999/02/22-rdf-syntax-ns#type" , "http://www.w3.org/1999/02/22-rdf-syntax-ns#Property" ,
 "http://data.openbudgets.eu/ontology/dsd/esif2014/dimension/functional-classification" , "http://www.w3.org/1999/02/22-rdf-syntax-ns#type" , "http://purl.org/linked-data/cube#DimensionProperty" ,
 "http://data.openbudgets.eu/ontology/dsd/esif2014/dimension/functional-classification" , "http://www.w3.org/2000/01/rdf-schema#subPropertyOf" , "http://data.openbudgets.eu/ontology/dsd/dimension/functionalClassification" ,
 "http://data.openbudgets.eu/ontology/dsd/esif2014/dimension/functional-classification" , "http://data.openbudgets.eu/fdptordf#name" , "functional-classification" ,
 "http://data.openbudgets.eu/ontology/dsd/esif2014/dimension/date" , "http://www.w3.org/1999/02/22-rdf-syntax-ns#type" , "http://purl.org/linked-data/cube#CodedProperty" ,
 "http://data.openbudgets.eu/ontology/dsd/esif2014/dimension/date" , "http://www.w3.org/1999/02/22-rdf-syntax-ns#type" , "http://www.w3.org/1999/02/22-rdf-syntax-ns#Property" ,
 "http://data.openbudgets.eu/ontology/dsd/esif2014/dimension/date" , "http://www.w3.org/1999/02/22-rdf-syntax-ns#type" , "http://purl.org/linked-data/cube#DimensionProperty" ,
 "http://data.openbudgets.eu/ontology/dsd/esif2014/dimension/date" , "http://www.w3.org/2000/01/rdf-schema#subPropertyOf" , "http://data.openbudgets.eu/ontology/dsd/dimension/date" ,
 "http://data.openbudgets.eu/ontology/dsd/esif2014/dimension/date" , "http://data.openbudgets.eu/fdptordf#name" , "date" ,
 "http://data.openbudgets.eu/datasets/esif2014-EU_Amount/CCI/2014AT06RDNP001" , "http://www.w3.org/1999/02/22-rdf-syntax-ns#type" , "http://www.w3.org/2004/02/skos/core#Concept" ,
 "http://data.openbudgets.eu/datasets/esif2014-EU_Amount/CCI/2014AT06RDNP001" , "http://www.w3.org/2004/02/skos/core#inScheme" , "http://data.openbudgets.eu/resource/esif2014/codelist/functional-classification/" ,
 "http://data.openbudgets.eu/datasets/esif2014-EU_Amount/CCI/2014AT06RDNP001" , "http://data.openbudgets.eu/fdptordf#sourceRow" , "b0" ,
 "http://data.openbudgets.eu/datasets/esif2014-EU_Amount/CCI/2014AT06RDNP001" , "http://data.openbudgets.eu/fdptordf#sourceRow" , "b1" ,
 "http://data.openbudgets.eu/datasets/esif2014-EU_Amount/CCI/2014AT06RDNP001" , "http://data.openbudgets.eu/fdptordf#sourceRow" , "b2" ,
 "http://data.openbudgets.eu/datasets/esif2014-EU_Amount/CCI/2014AT06RDNP001" , "http://data.openbudgets.eu/fdptordf#sourceRow" , "b3" ,
 "http://data.openbudgets.eu/datasets/esif2014-EU_Amount/CCI/2014AT06RDNP001" , "http://data.openbudgets.eu/fdptordf#valueOf" , "b13" ,
 "http://data.openbudgets.eu/datasets/esif2014-EU_Amount/CCI/2014AT06RDNP001" , "http://data.openbudgets.eu/fdptordf#valueOf" , "b14" ,
 "http://data.openbudgets.eu/datasets/esif2014-EU_Amount/CCI/2014AT06RDNP001" , "http://data.openbudgets.eu/fdptordf#valueOf" , "b15" ,
 "http://data.openbudgets.eu/datasets/esif2014-EU_Amount/CCI/2014AT06RDNP001" , "http://data.openbudgets.eu/fdptordf#valueOf" , "b16" ,
 "http://data.openbudgets.eu/datasets/esif2014-EU_Amount/CCI/2014AT06RDNP001" , "http://data.openbudgets.eu/fdptordf#valueOf" , "b17" ,
 "http://data.openbudgets.eu/datasets/esif2014-EU_Amount/CCI/2014AT06RDNP001" , "http://data.openbudgets.eu/fdptordf#valueOf" , "b18" ,
 "http://data.openbudgets.eu/datasets/esif2014-EU_Amount/CCI/2014AT06RDNP001" , "http://data.openbudgets.eu/fdptordf#valueOf" , "b19" ,
 "http://data.openbudgets.eu/datasets/esif2014-EU_Amount/CCI/2014AT06RDNP001" , "http://data.openbudgets.eu/fdptordf#valueOf" , "b20" ,
 "http://data.openbudgets.eu/datasets/esif2014-EU_Amount/CCI/2014AT06RDNP001" , "http://data.openbudgets.eu/fdptordf#valueOf" , "b21" ,
 "http://data.openbudgets.eu/datasets/esif2014-EU_Amount/CCI/2014AT06RDNP001" , "http://www.w3.org/2004/02/skos/core#notation" , "2014AT06RDNP001" ,
 "http://data.openbudgets.eu/datasets/esif2014-EU_Amount/TO/1" , "http://www.w3.org/1999/02/22-rdf-syntax-ns#type" , "http://www.w3.org/2004/02/skos/core#Concept" ,
 "http://data.openbudgets.eu/datasets/esif2014-EU_Amount/TO/1" , "http://www.w3.org/2004/02/skos/core#inScheme" , "http://data.openbudgets.eu/resource/esif2014/codelist/functional-classification/" ,
 "http://data.openbudgets.eu/datasets/esif2014-EU_Amount/TO/1" , "http://data.openbudgets.eu/fdptordf#sourceRow" , "b0" ,
 "http://data.openbudgets.eu/datasets/esif2014-EU_Amount/TO/1" , "http://data.openbudgets.eu/fdptordf#sourceRow" , "b1" ,
 "http://data.openbudgets.eu/datasets/esif2014-EU_Amount/TO/1" , "http://data.openbudgets.eu/fdptordf#sourceRow" , "b2" ,
 "http://data.openbudgets.eu/datasets/esif2014-EU_Amount/TO/1" , "http://data.openbudgets.eu/fdptordf#sourceRow" , "b3" ,
 "http://data.openbudgets.eu/datasets/esif2014-EU_Amount/TO/1" , "http://data.openbudgets.eu/fdptordf#valueOf" , "b22" ,
 "http://data.openbudgets.eu/datasets/esif2014-EU_Amount/TO/1" , "http://data.openbudgets.eu/fdptordf#valueOf" , "b23" ,
 "http://data.openbudgets.eu/datasets/esif2014-EU_Amount/TO/1" , "http://data.openbudgets.eu/fdptordf#valueOf" , "b24" ,
 "http://data.openbudgets.eu/datasets/esif2014-EU_Amount/TO/1" , "http://data.openbudgets.eu/fdptordf#valueOf" , "b25" ,
 "http://data.openbudgets.eu/datasets/esif2014-EU_Amount/TO/1" , "http://data.openbudgets.eu/fdptordf#valueOf" , "b26" ,
 "http://data.openbudgets.eu/datasets/esif2014-EU_Amount/TO/1" , "http://data.openbudgets.eu/fdptordf#valueOf" , "b27" ,
 "http://data.openbudgets.eu/datasets/esif2014-EU_Amount/TO/1" , "http://data.openbudgets.eu/fdptordf#valueOf" , "b28" ,
 "http://data.openbudgets.eu/datasets/esif2014-EU_Amount/TO/1" , "http://data.openbudgets.eu/fdptordf#valueOf" , "b29" ,
 "http://data.openbudgets.eu/datasets/esif2014-EU_Amount/TO/1" , "http://data.openbudgets.eu/fdptordf#valueOf" , "b30" ,
 "http://data.openbudgets.eu/datasets/esif2014-EU_Amount/TO/1" , "http://www.w3.org/2004/02/skos/core#notation" , "1" ,
 "http://data.openbudgets.eu/datasets/esif2014-EU_Amount/Title/Austria%20-%20Rural%20Development%20Programme%20%28National%29" , "http://www.w3.org/1999/02/22-rdf-syntax-ns#type" , "http://www.w3.org/2004/02/skos/core#Concept" ,
 "http://data.openbudgets.eu/datasets/esif2014-EU_Amount/Title/Austria%20-%20Rural%20Development%20Programme%20%28National%29" , "http://www.w3.org/2004/02/skos/core#inScheme" , "http://data.openbudgets.eu/resource/esif2014/codelist/functional-classification/" ,
 "http://data.openbudgets.eu/datasets/esif2014-EU_Amount/Title/Austria%20-%20Rural%20Development%20Programme%20%28National%29" , "http://data.openbudgets.eu/fdptordf#sourceRow" , "b0" ,
 "http://data.openbudgets.eu/datasets/esif2014-EU_Amount/Title/Austria%20-%20Rural%20Development%20Programme%20%28National%29" , "http://data.openbudgets.eu/fdptordf#sourceRow" , "b1" ,
 "http://data.openbudgets.eu/datasets/esif2014-EU_Amount/Title/Austria%20-%20Rural%20Development%20Programme%20%28National%29" , "http://data.openbudgets.eu/fdptordf#sourceRow" , "b2" ,
 "http://data.openbudgets.eu/datasets/esif2014-EU_Amount/Title/Austria%20-%20Rural%20Development%20Programme%20%28National%29" , "http://data.openbudgets.eu/fdptordf#sourceRow" , "b3" ,
 "http://data.openbudgets.eu/datasets/esif2014-EU_Amount/Title/Austria%20-%20Rural%20Development%20Programme%20%28National%29" , "http://data.openbudgets.eu/fdptordf#valueOf" , "b31" ,
 "http://data.openbudgets.eu/datasets/esif2014-EU_Amount/Title/Austria%20-%20Rural%20Development%20Programme%20%28National%29" , "http://data.openbudgets.eu/fdptordf#valueOf" , "b32" ,
 "http://data.openbudgets.eu/datasets/esif2014-EU_Amount/Title/Austria%20-%20Rural%20Development%20Programme%20%28National%29" , "http://data.openbudgets.eu/fdptordf#valueOf" , "b33" ,
 "http://data.openbudgets.eu/datasets/esif2014-EU_Amount/Title/Austria%20-%20Rural%20Development%20Programme%20%28National%29" , "http://data.openbudgets.eu/fdptordf#valueOf" , "b34" ,
 "http://data.openbudgets.eu/datasets/esif2014-EU_Amount/Title/Austria%20-%20Rural%20Development%20Programme%20%28National%29" , "http://data.openbudgets.eu/fdptordf#valueOf" , "b35" ,
 "http://data.openbudgets.eu/datasets/esif2014-EU_Amount/Title/Austria%20-%20Rural%20Development%20Programme%20%28National%29" , "http://data.openbudgets.eu/fdptordf#valueOf" , "b36" ,
 "http://data.openbudgets.eu/datasets/esif2014-EU_Amount/Title/Austria%20-%20Rural%20Development%20Programme%20%28National%29" , "http://data.openbudgets.eu/fdptordf#valueOf" , "b37" ,
 "http://data.openbudgets.eu/datasets/esif2014-EU_Amount/Title/Austria%20-%20Rural%20Development%20Programme%20%28National%29" , "http://data.openbudgets.eu/fdptordf#valueOf" , "b38" ,
 "http://data.openbudgets.eu/datasets/esif2014-EU_Amount/Title/Austria%20-%20Rural%20Development%20Programme%20%28National%29" , "http://data.openbudgets.eu/fdptordf#valueOf" , "b39" ,
 "http://data.openbudgets.eu/datasets/esif2014-EU_Amount/Title/Austria%20-%20Rural%20Development%20Programme%20%28National%29" , "http://www.w3.org/2004/02/skos/core#notation" , "Austria - Rural Development Programme (National)" ,
 "http://data.openbudgets.eu/datasets/esif2014-National_Amount/CCI/2014AT06RDNP001" , "http://www.w3.org/1999/02/22-rdf-syntax-ns#type" , "http://www.w3.org/2004/02/skos/core#Concept" ,
 "http://data.openbudgets.eu/datasets/esif2014-National_Amount/CCI/2014AT06RDNP001" , "http://www.w3.org/2004/02/skos/core#inScheme" , "http://data.openbudgets.eu/resource/esif2014/codelist/functional-classification/" ,
 "http://data.openbudgets.eu/datasets/esif2014-National_Amount/CCI/2014AT06RDNP001" , "http://data.openbudgets.eu/fdptordf#sourceRow" , "b0" ,
 "http://data.openbudgets.eu/datasets/esif2014-National_Amount/CCI/2014AT06RDNP001" , "http://data.openbudgets.eu/fdptordf#sourceRow" , "b1" ,
 "http://data.openbudgets.eu/datasets/esif2014-National_Amount/CCI/2014AT06RDNP001" , "http://data.openbudgets.eu/fdptordf#sourceRow" , "b2" ,
 "http://data.openbudgets.eu/datasets/esif2014-National_Amount/CCI/2014AT06RDNP001" , "http://data.openbudgets.eu/fdptordf#sourceRow" , "b3" ,
 "http://data.openbudgets.eu/datasets/esif2014-National_Amount/CCI/2014AT06RDNP001" , "http://data.openbudgets.eu/fdptordf#valueOf" , "b13" ,
 "http://data.openbudgets.eu/datasets/esif2014-National_Amount/CCI/2014AT06RDNP001" , "http://data.openbudgets.eu/fdptordf#valueOf" , "b14" ,
 "http://data.openbudgets.eu/datasets/esif2014-National_Amount/CCI/2014AT06RDNP001" , "http://data.openbudgets.eu/fdptordf#valueOf" , "b15" ,
 "http://data.openbudgets.eu/datasets/esif2014-National_Amount/CCI/2014AT06RDNP001" , "http://data.openbudgets.eu/fdptordf#valueOf" , "b16" ,
 "http://data.openbudgets.eu/datasets/esif2014-National_Amount/CCI/2014AT06RDNP001" , "http://data.openbudgets.eu/fdptordf#valueOf" , "b17" ,
 "http://data.openbudgets.eu/datasets/esif2014-National_Amount/CCI/2014AT06RDNP001" , "http://data.openbudgets.eu/fdptordf#valueOf" , "b18" ,
 "http://data.openbudgets.eu/datasets/esif2014-National_Amount/CCI/2014AT06RDNP001" , "http://data.openbudgets.eu/fdptordf#valueOf" , "b19" ,
 "http://data.openbudgets.eu/datasets/esif2014-National_Amount/CCI/2014AT06RDNP001" , "http://data.openbudgets.eu/fdptordf#valueOf" , "b20" ,
 "http://data.openbudgets.eu/datasets/esif2014-National_Amount/CCI/2014AT06RDNP001" , "http://data.openbudgets.eu/fdptordf#valueOf" , "b21" ,
 "http://data.openbudgets.eu/datasets/esif2014-National_Amount/CCI/2014AT06RDNP001" , "http://www.w3.org/2004/02/skos/core#notation" , "2014AT06RDNP001" ,
 "http://data.openbudgets.eu/datasets/esif2014-National_Amount/TO/1" , "http://www.w3.org/1999/02/22-rdf-syntax-ns#type" , "http://www.w3.org/2004/02/skos/core#Concept" ,
 "http://data.openbudgets.eu/datasets/esif2014-National_Amount/TO/1" , "http://www.w3.org/2004/02/skos/core#inScheme" , "http://data.openbudgets.eu/resource/esif2014/codelist/functional-classification/" ,
 "http://data.openbudgets.eu/datasets/esif2014-National_Amount/TO/1" , "http://data.openbudgets.eu/fdptordf#sourceRow" , "b0" ,
 "http://data.openbudgets.eu/datasets/esif2014-National_Amount/TO/1" , "http://data.openbudgets.eu/fdptordf#sourceRow" , "b1" ,
 "http://data.openbudgets.eu/datasets/esif2014-National_Amount/TO/1" , "http://data.openbudgets.eu/fdptordf#sourceRow" , "b2" ,
 "http://data.openbudgets.eu/datasets/esif2014-National_Amount/TO/1" , "http://data.openbudgets.eu/fdptordf#sourceRow" , "b3" ,
 "http://data.openbudgets.eu/datasets/esif2014-National_Amount/TO/1" , "http://data.openbudgets.eu/fdptordf#valueOf" , "b22" ,
 "http://data.openbudgets.eu/datasets/esif2014-National_Amount/TO/1" , "http://data.openbudgets.eu/fdptordf#valueOf" , "b23" ,
 "http://data.openbudgets.eu/datasets/esif2014-National_Amount/TO/1" , "http://data.openbudgets.eu/fdptordf#valueOf" , "b24" ,
 "http://data.openbudgets.eu/datasets/esif2014-National_Amount/TO/1" , "http://data.openbudgets.eu/fdptordf#valueOf" , "b25" ,
 "http://data.openbudgets.eu/datasets/esif2014-National_Amount/TO/1" , "http://data.openbudgets.eu/fdptordf#valueOf" , "b26" ,
 "http://data.openbudgets.eu/datasets/esif2014-National_Amount/TO/1" , "http://data.openbudgets.eu/fdptordf#valueOf" , "b27" ,
 "http://data.openbudgets.eu/datasets/esif2014-National_Amount/TO/1" , "http://data.openbudgets.eu/fdptordf#valueOf" , "b28" ,
 "http://data.openbudgets.eu/datasets/esif2014-National_Amount/TO/1" , "http://data.openbudgets.eu/fdptordf#valueOf" , "b29" ,
 "http://data.openbudgets.eu/datasets/esif2014-National_Amount/TO/1" , "http://data.openbudgets.eu/fdptordf#valueOf" , "b30" ,
 "http://data.openbudgets.eu/datasets/esif2014-National_Amount/TO/1" , "http://www.w3.org/2004/02/skos/core#notation" , "1" ,
 "http://data.openbudgets.eu/datasets/esif2014-National_Amount/Title/Austria%20-%20Rural%20Development%20Programme%20%28National%29" , "http://www.w3.org/1999/02/22-rdf-syntax-ns#type" , "http://www.w3.org/2004/02/skos/core#Concept" ,
 "http://data.openbudgets.eu/datasets/esif2014-National_Amount/Title/Austria%20-%20Rural%20Development%20Programme%20%28National%29" , "http://www.w3.org/2004/02/skos/core#inScheme" , "http://data.openbudgets.eu/resource/esif2014/codelist/functional-classification/" ,
 "http://data.openbudgets.eu/datasets/esif2014-National_Amount/Title/Austria%20-%20Rural%20Development%20Programme%20%28National%29" , "http://data.openbudgets.eu/fdptordf#sourceRow" , "b0" ,
 "http://data.openbudgets.eu/datasets/esif2014-National_Amount/Title/Austria%20-%20Rural%20Development%20Programme%20%28National%29" , "http://data.openbudgets.eu/fdptordf#sourceRow" , "b1" ,
 "http://data.openbudgets.eu/datasets/esif2014-National_Amount/Title/Austria%20-%20Rural%20Development%20Programme%20%28National%29" , "http://data.openbudgets.eu/fdptordf#sourceRow" , "b2" ,
 "http://data.openbudgets.eu/datasets/esif2014-National_Amount/Title/Austria%20-%20Rural%20Development%20Programme%20%28National%29" , "http://data.openbudgets.eu/fdptordf#sourceRow" , "b3" ,
 "http://data.openbudgets.eu/datasets/esif2014-National_Amount/Title/Austria%20-%20Rural%20Development%20Programme%20%28National%29" , "http://data.openbudgets.eu/fdptordf#valueOf" , "b31" ,
 "http://data.openbudgets.eu/datasets/esif2014-National_Amount/Title/Austria%20-%20Rural%20Development%20Programme%20%28National%29" , "http://data.openbudgets.eu/fdptordf#valueOf" , "b32" ,
 "http://data.openbudgets.eu/datasets/esif2014-National_Amount/Title/Austria%20-%20Rural%20Development%20Programme%20%28National%29" , "http://data.openbudgets.eu/fdptordf#valueOf" , "b33" ,
 "http://data.openbudgets.eu/datasets/esif2014-National_Amount/Title/Austria%20-%20Rural%20Development%20Programme%20%28National%29" , "http://data.openbudgets.eu/fdptordf#valueOf" , "b34" ,
 "http://data.openbudgets.eu/datasets/esif2014-National_Amount/Title/Austria%20-%20Rural%20Development%20Programme%20%28National%29" , "http://data.openbudgets.eu/fdptordf#valueOf" , "b35" ,
 "http://data.openbudgets.eu/datasets/esif2014-National_Amount/Title/Austria%20-%20Rural%20Development%20Programme%20%28National%29" , "http://data.openbudgets.eu/fdptordf#valueOf" , "b36" ,
 "http://data.openbudgets.eu/datasets/esif2014-National_Amount/Title/Austria%20-%20Rural%20Development%20Programme%20%28National%29" , "http://data.openbudgets.eu/fdptordf#valueOf" , "b37" ,
 "http://data.openbudgets.eu/datasets/esif2014-National_Amount/Title/Austria%20-%20Rural%20Development%20Programme%20%28National%29" , "http://data.openbudgets.eu/fdptordf#valueOf" , "b38" ,
 "http://data.openbudgets.eu/datasets/esif2014-National_Amount/Title/Austria%20-%20Rural%20Development%20Programme%20%28National%29" , "http://data.openbudgets.eu/fdptordf#valueOf" , "b39" ,
 "http://data.openbudgets.eu/datasets/esif2014-National_Amount/Title/Austria%20-%20Rural%20Development%20Programme%20%28National%29" , "http://www.w3.org/2004/02/skos/core#notation" , "Austria - Rural Development Programme (National)" ,
 "http://data.openbudgets.eu/datasets/esif2014-Total_Amount/CCI/2014AT06RDNP001" , "http://www.w3.org/1999/02/22-rdf-syntax-ns#type" , "http://www.w3.org/2004/02/skos/core#Concept" ,
 "http://data.openbudgets.eu/datasets/esif2014-Total_Amount/CCI/2014AT06RDNP001" , "http://www.w3.org/2004/02/skos/core#inScheme" , "http://data.openbudgets.eu/resource/esif2014/codelist/functional-classification/" ,
 "http://data.openbudgets.eu/datasets/esif2014-Total_Amount/CCI/2014AT06RDNP001" , "http://data.openbudgets.eu/fdptordf#sourceRow" , "b0" ,
 "http://data.openbudgets.eu/datasets/esif2014-Total_Amount/CCI/2014AT06RDNP001" , "http://data.openbudgets.eu/fdptordf#sourceRow" , "b1" ,
 "http://data.openbudgets.eu/datasets/esif2014-Total_Amount/CCI/2014AT06RDNP001" , "http://data.openbudgets.eu/fdptordf#sourceRow" , "b2" ,
 "http://data.openbudgets.eu/datasets/esif2014-Total_Amount/CCI/2014AT06RDNP001" , "http://data.openbudgets.eu/fdptordf#sourceRow" , "b3" ,
 "http://data.openbudgets.eu/datasets/esif2014-Total_Amount/CCI/2014AT06RDNP001" , "http://data.openbudgets.eu/fdptordf#valueOf" , "b13" ,
 "http://data.openbudgets.eu/datasets/esif2014-Total_Amount/CCI/2014AT06RDNP001" , "http://data.openbudgets.eu/fdptordf#valueOf" , "b14" ,
 "http://data.openbudgets.eu/datasets/esif2014-Total_Amount/CCI/2014AT06RDNP001" , "http://data.openbudgets.eu/fdptordf#valueOf" , "b15" ,
 "http://data.openbudgets.eu/datasets/esif2014-Total_Amount/CCI/2014AT06RDNP001" , "http://data.openbudgets.eu/fdptordf#valueOf" , "b16" ,
 "http://data.openbudgets.eu/datasets/esif2014-Total_Amount/CCI/2014AT06RDNP001" , "http://data.openbudgets.eu/fdptordf#valueOf" , "b17" ,
 "http://data.openbudgets.eu/datasets/esif2014-Total_Amount/CCI/2014AT06RDNP001" , "http://data.openbudgets.eu/fdptordf#valueOf" , "b18" ,
 "http://data.openbudgets.eu/datasets/esif2014-Total_Amount/CCI/2014AT06RDNP001" , "http://data.openbudgets.eu/fdptordf#valueOf" , "b19" ,
 "http://data.openbudgets.eu/datasets/esif2014-Total_Amount/CCI/2014AT06RDNP001" , "http://data.openbudgets.eu/fdptordf#valueOf" , "b20" ,
 "http://data.openbudgets.eu/datasets/esif2014-Total_Amount/CCI/2014AT06RDNP001" , "http://data.openbudgets.eu/fdptordf#valueOf" , "b21" ,
 "http://data.openbudgets.eu/datasets/esif2014-Total_Amount/CCI/2014AT06RDNP001" , "http://www.w3.org/2004/02/skos/core#notation" , "2014AT06RDNP001" ,
 "http://data.openbudgets.eu/datasets/esif2014-Total_Amount/TO/1" , "http://www.w3.org/1999/02/22-rdf-syntax-ns#type" , "http://www.w3.org/2004/02/skos/core#Concept" ,
 "http://data.openbudgets.eu/datasets/esif2014-Total_Amount/TO/1" , "http://www.w3.org/2004/02/skos/core#inScheme" , "http://data.openbudgets.eu/resource/esif2014/codelist/functional-classification/" ,
 "http://data.openbudgets.eu/datasets/esif2014-Total_Amount/TO/1" , "http://data.openbudgets.eu/fdptordf#sourceRow" , "b0" ,
 "http://data.openbudgets.eu/datasets/esif2014-Total_Amount/TO/1" , "http://data.openbudgets.eu/fdptordf#sourceRow" , "b1" ,
 "http://data.openbudgets.eu/datasets/esif2014-Total_Amount/TO/1" , "http://data.openbudgets.eu/fdptordf#sourceRow" , "b2" ,
 "http://data.openbudgets.eu/datasets/esif2014-Total_Amount/TO/1" , "http://data.openbudgets.eu/fdptordf#sourceRow" , "b3" ,
 "http://data.openbudgets.eu/datasets/esif2014-Total_Amount/TO/1" , "http://data.openbudgets.eu/fdptordf#valueOf" , "b22" ,
 "http://data.openbudgets.eu/datasets/esif2014-Total_Amount/TO/1" , "http://data.openbudgets.eu/fdptordf#valueOf" , "b23" ,
 "http://data.openbudgets.eu/datasets/esif2014-Total_Amount/TO/1" , "http://data.openbudgets.eu/fdptordf#valueOf" , "b24" ,
 "http://data.openbudgets.eu/datasets/esif2014-Total_Amount/TO/1" , "http://data.openbudgets.eu/fdptordf#valueOf" , "b25" ,
 "http://data.openbudgets.eu/datasets/esif2014-Total_Amount/TO/1" , "http://data.openbudgets.eu/fdptordf#valueOf" , "b26" ,
 "http://data.openbudgets.eu/datasets/esif2014-Total_Amount/TO/1" , "http://data.openbudgets.eu/fdptordf#valueOf" , "b27" ,
 "http://data.openbudgets.eu/datasets/esif2014-Total_Amount/TO/1" , "http://data.openbudgets.eu/fdptordf#valueOf" , "b28" ,
 "http://data.openbudgets.eu/datasets/esif2014-Total_Amount/TO/1" , "http://data.openbudgets.eu/fdptordf#valueOf" , "b29" ,
 "http://data.openbudgets.eu/datasets/esif2014-Total_Amount/TO/1" , "http://data.openbudgets.eu/fdptordf#valueOf" , "b30" ,
 "http://data.openbudgets.eu/datasets/esif2014-Total_Amount/TO/1" , "http://www.w3.org/2004/02/skos/core#notation" , "1" ,
 "http://data.openbudgets.eu/datasets/esif2014-Total_Amount/Title/Austria%20-%20Rural%20Development%20Programme%20%28National%29" , "http://www.w3.org/1999/02/22-rdf-syntax-ns#type" , "http://www.w3.org/2004/02/skos/core#Concept" ,
 "http://data.openbudgets.eu/datasets/esif2014-Total_Amount/Title/Austria%20-%20Rural%20Development%20Programme%20%28National%29" , "http://www.w3.org/2004/02/skos/core#inScheme" , "http://data.openbudgets.eu/resource/esif2014/codelist/functional-classification/" ,
 "http://data.openbudgets.eu/datasets/esif2014-Total_Amount/Title/Austria%20-%20Rural%20Development%20Programme%20%28National%29" , "http://data.openbudgets.eu/fdptordf#sourceRow" , "b0" ,
 "http://data.openbudgets.eu/datasets/esif2014-Total_Amount/Title/Austria%20-%20Rural%20Development%20Programme%20%28National%29" , "http://data.openbudgets.eu/fdptordf#sourceRow" , "b1" ,
 "http://data.openbudgets.eu/datasets/esif2014-Total_Amount/Title/Austria%20-%20Rural%20Development%20Programme%20%28National%29" , "http://data.openbudgets.eu/fdptordf#sourceRow" , "b2" ,
 "http://data.openbudgets.eu/datasets/esif2014-Total_Amount/Title/Austria%20-%20Rural%20Development%20Programme%20%28National%29" , "http://data.openbudgets.eu/fdptordf#sourceRow" , "b3" ,
 "http://data.openbudgets.eu/datasets/esif2014-Total_Amount/Title/Austria%20-%20Rural%20Development%20Programme%20%28National%29" , "http://data.openbudgets.eu/fdptordf#valueOf" , "b31" ,
 "http://data.openbudgets.eu/datasets/esif2014-Total_Amount/Title/Austria%20-%20Rural%20Development%20Programme%20%28National%29" , "http://data.openbudgets.eu/fdptordf#valueOf" , "b32" ,
 "http://data.openbudgets.eu/datasets/esif2014-Total_Amount/Title/Austria%20-%20Rural%20Development%20Programme%20%28National%29" , "http://data.openbudgets.eu/fdptordf#valueOf" , "b33" ,
 "http://data.openbudgets.eu/datasets/esif2014-Total_Amount/Title/Austria%20-%20Rural%20Development%20Programme%20%28National%29" , "http://data.openbudgets.eu/fdptordf#valueOf" , "b34" ,
 "http://data.openbudgets.eu/datasets/esif2014-Total_Amount/Title/Austria%20-%20Rural%20Development%20Programme%20%28National%29" , "http://data.openbudgets.eu/fdptordf#valueOf" , "b35" ,
 "http://data.openbudgets.eu/datasets/esif2014-Total_Amount/Title/Austria%20-%20Rural%20Development%20Programme%20%28National%29" , "http://data.openbudgets.eu/fdptordf#valueOf" , "b36" ,
 "http://data.openbudgets.eu/datasets/esif2014-Total_Amount/Title/Austria%20-%20Rural%20Development%20Programme%20%28National%29" , "http://data.openbudgets.eu/fdptordf#valueOf" , "b37" ,
 "http://data.openbudgets.eu/datasets/esif2014-Total_Amount/Title/Austria%20-%20Rural%20Development%20Programme%20%28National%29" , "http://data.openbudgets.eu/fdptordf#valueOf" , "b38" ,
 "http://data.openbudgets.eu/datasets/esif2014-Total_Amount/Title/Austria%20-%20Rural%20Development%20Programme%20%28National%29" , "http://data.openbudgets.eu/fdptordf#valueOf" , "b39" ,
 "http://data.openbudgets.eu/datasets/esif2014-Total_Amount/Title/Austria%20-%20Rural%20Development%20Programme%20%28National%29" , "http://www.w3.org/2004/02/skos/core#notation" , "Austria - Rural Development Programme (National)" ,
